{"loss": [1.3571914434432983, 0.5049574971199036, 0.32880619168281555, 0.2558952867984772, 0.2005671113729477, 0.17008167505264282, 0.14465591311454773, 0.13137802481651306, 0.1188822016119957, 0.10284651070833206], "accuracy": [0.6019062399864197, 0.8420228958129883, 0.8974180221557617, 0.9207767248153687, 0.9370794296264648, 0.9480617642402649, 0.9565118551254272, 0.9614766240119934, 0.9658724069595337, 0.970694899559021], "val_loss": [0.4827156960964203, 0.3038451373577118, 0.40001180768013, 0.24579212069511414, 0.2028026580810547, 0.21648111939430237, 0.2028176635503769, 0.49215683341026306, 0.20546308159828186, 0.19692446291446686], "val_accuracy": [0.8453221321105957, 0.9008650183677673, 0.8770202398300171, 0.9245390295982361, 0.9382540583610535, 0.9399043917655945, 0.9442863464355469, 0.884987473487854, 0.9503186941146851, 0.9507739543914795]}